campaign,object,variant,dimension,reference_mm,reconstructed_mm,difference_mm,absolute_difference_mm,difference_percent
cilindro1,cilindro,final,altura,97.0,99.17761674575766,2.1776167457576605,2.1776167457576605,2.2449657172759387
cilindro1,cilindro,final,diametro,43.0,44.6949500358547,1.6949500358547027,1.6949500358547027,3.9417442694295413
cilindro1,cilindro,pre_pulido,altura,97.0,99.42260136062438,2.422601360624384,2.422601360624384,2.4975271759014266
cilindro1,cilindro,pre_pulido,diametro,43.0,44.70183698234814,1.7018369823481407,1.7018369823481407,3.9577604240654436
cilindro2,cilindro,final,altura,97.0,97.95546343252956,0.9554634325295552,0.9554634325295552,0.9850138479686137
cilindro2,cilindro,final,diametro,43.0,45.6184190806098,2.6184190806097973,2.6184190806097973,6.089346699092552
cilindro2,cilindro,pre_pulido,altura,97.0,97.95100693702697,0.9510069370269747,0.9510069370269747,0.9804195227082213
cilindro2,cilindro,pre_pulido,diametro,43.0,45.621591227209755,2.6215912272097555,2.6215912272097555,6.096723784208734
cilindro3,cilindro,final,altura,97.0,99.02210059259903,2.022100592599031,2.022100592599031,2.0846397861845682
cilindro3,cilindro,final,diametro,43.0,44.66495626555611,1.664956265556107,1.664956265556107,3.87199131524676
cilindro3,cilindro,pre_pulido,altura,97.0,99.02713319437738,2.0271331943773845,2.0271331943773845,2.0898280354406027
cilindro3,cilindro,pre_pulido,diametro,43.0,44.67514818592211,1.6751481859221116,1.6751481859221116,3.8956934556328178
cubo1,cubo,final,alto,95.0,95.46454472590014,0.46454472590014007,0.46454472590014007,0.4889944483159369
cubo1,cubo,final,fondo,94.0,98.420654296875,4.420654296875,4.420654296875,4.702823720079787
cubo1,cubo,final,ancho,95.0,98.90719604492188,3.907196044921875,3.907196044921875,4.1128379420230265
cubo1,cubo,pre_pulido,alto,95.0,95.42286052703858,0.4228605270385799,0.4228605270385799,0.4451163442511367
cubo1,cubo,pre_pulido,fondo,94.0,98.80707550048828,4.807075500488281,4.807075500488281,5.113910106902427
cubo1,cubo,pre_pulido,ancho,95.0,99.0505599975586,4.050559997558594,4.050559997558594,4.2637473658511515
cubo2,cubo,final,alto,95.0,95.84807406592023,0.8480740659202297,0.8480740659202297,0.892709543073926
cubo2,cubo,final,fondo,94.0,97.46668243408203,3.4666824340820312,3.4666824340820312,3.68796003625748
cubo2,cubo,final,ancho,95.0,97.68273162841797,2.6827316284179688,2.6827316284179688,2.823928029913651
cubo2,cubo,pre_pulido,alto,95.0,95.81567544937134,0.8156754493713407,0.8156754493713407,0.8586057361803586
cubo2,cubo,pre_pulido,fondo,94.0,97.8000717163086,3.8000717163085938,3.8000717163085938,4.0426294854346745
cubo2,cubo,pre_pulido,ancho,95.0,98.07588195800781,3.0758819580078125,3.0758819580078125,3.2377704821134867
cubo3,cubo,final,alto,95.0,95.9765354260427,0.9765354260427017,0.9765354260427017,1.0279320274133703
cubo3,cubo,final,fondo,94.0,97.65945434570312,3.659454345703125,3.659454345703125,3.8930365379820477
cubo3,cubo,final,ancho,95.0,98.03799438476562,3.037994384765625,3.037994384765625,3.1978888260690788
cubo3,cubo,pre_pulido,alto,95.0,95.98279733657837,0.982797336578372,0.982797336578372,1.03452351218776
cubo3,cubo,pre_pulido,fondo,94.0,97.83314514160156,3.8331451416015625,3.8331451416015625,4.0778139804271945
cubo3,cubo,pre_pulido,ancho,95.0,98.37519836425781,3.3751983642578125,3.3751983642578125,3.552840383429276
piramide1,piramide,final,lado_base,103.0,98.8178745599655,-4.182125440034497,4.182125440034497,-4.06031596119854
piramide1,piramide,final,altura_cara,85.0,83.05266992899506,-1.9473300710049415,1.9473300710049415,-2.2909765541234606
piramide1,piramide,final,arista_lateral_hasta_punta,100.0,96.65318307051058,-3.346816929489421,3.346816929489421,-3.346816929489421
piramide1,piramide,pre_pulido,lado_base,103.0,98.82079112517727,-4.179208874822734,4.179208874822734,-4.057484344488092
piramide1,piramide,pre_pulido,altura_cara,85.0,83.11364115566795,-1.886358844332051,1.886358844332051,-2.2192456992141776
piramide1,piramide,pre_pulido,arista_lateral_hasta_punta,100.0,96.70635958374777,-3.293640416252231,3.293640416252231,-3.293640416252231
piramide3,piramide,final,lado_base,103.0,100.50969027824101,-2.4903097217589902,2.4903097217589902,-2.4177764288922234
piramide3,piramide,final,altura_cara,85.0,82.04400777391031,-2.955992226089691,2.955992226089691,-3.4776379130466957
piramide3,piramide,final,arista_lateral_hasta_punta,100.0,96.21790639864177,-3.782093601358227,3.782093601358227,-3.782093601358227
piramide3,piramide,pre_pulido,lado_base,103.0,100.52345330204874,-2.476546697951264,2.476546697951264,-2.404414269855596
piramide3,piramide,pre_pulido,altura_cara,85.0,82.09455264581901,-2.9054473541809926,2.9054473541809926,-3.4181733578599913
piramide3,piramide,pre_pulido,arista_lateral_hasta_punta,100.0,96.26465533646217,-3.7353446635378305,3.7353446635378305,-3.7353446635378305
piramide4,piramide,final,lado_base,103.0,99.3947600179767,-3.6052399820233063,3.6052399820233063,-3.500232992255637
piramide4,piramide,final,altura_cara,85.0,81.13618830561332,-3.8638116943866834,3.8638116943866834,-4.54566081692551
piramide4,piramide,final,arista_lateral_hasta_punta,100.0,95.15865879062859,-4.841341209371407,4.841341209371407,-4.841341209371407
piramide4,piramide,pre_pulido,lado_base,103.0,99.40997672461373,-3.5900232753862724,3.5900232753862724,-3.4854594906662837
piramide4,piramide,pre_pulido,altura_cara,85.0,81.2182454814348,-3.7817545185651937,3.7817545185651937,-4.449122963017875
piramide4,piramide,pre_pulido,arista_lateral_hasta_punta,100.0,95.2323968108113,-4.767603189188705,4.767603189188705,-4.767603189188705
